{"version":{"json_export":"175","page_segmentation":"5","schema":"1.1.0","structure":"1.996.0","table_structure":"5"},"extended_metadata":{"ID_instance":"A6 B3 62 B7 F5 B4 B2 11 0A 00 67 45 8B 6B C6 23 ","ID_permanent":"38 31 20 32 45 20 35 46 20 42 37 20 46 35 20 42 34 20 42 32 20 31 31 20 30 41 20 30 30 20 36 37 20 34 35 20 38 42 20 36 42 20 43 36 20 32 33 20 ","pdf_version":"1.6","pdfa_compliance_level":"","is_encrypted":false,"has_acroform":false,"is_digitally_signed":false,"pdfua_compliance_level":"","page_count":10,"has_embedded_files":false,"is_certified":false,"is_XFA":false,"language":"en-US"},"elements":[{"Bounds":[54.10789489746094,694.0977935791016,281.52459716796875,725.1997985839844],"ClipBounds":[54.10789489746094,694.0977935791016,281.52459716796875,725.1997985839844],"Page":0,"Path":"//Document/Figure","attributes":{"BBox":[54.35779999999977,694.2039999999979,281.3889999999956,724.9229999999807],"Placement":"Block"}},{"Bounds":[524.0944061279297,681.0666961669922,565.8054962158203,738.25],"ClipBounds":[524.0944061279297,681.0666961669922,565.8054962158203,738.25],"Page":0,"Path":"//Document/Figure[2]","attributes":{"BBox":[524.3789999999863,681.2449999999953,565.6569999999774,738.0019999999786],"Placement":"Block"}},{"Bounds":[56.47999572753906,628.3000946044922,141.62957763671875,640.5700988769531],"Font":{"alt_family_name":"Clean","embedded":true,"encoding":"Custom","family_name":"Adobe Clean","font_type":"Type1","italic":false,"monospaced":false,"name":"SYRALH+AdobeClean-Bold","subset":true,"weight":700},"HasClip":false,"Lang":"en","Page":0,"Path":"//Document/P","Text":"WHITE PAPER ","TextSize":10,"attributes":{"LineHeight":12,"SpaceAfter":5.875}},{"Bounds":[54.47999572753906,480.85060119628906,568.8362274169922,630.5005950927734],"Font":{"alt_family_name":"Clean","embedded":true,"encoding":"Custom","family_name":"Adobe Clean","font_type":"Type1","italic":false,"monospaced":false,"name":"SYRALH+AdobeClean-ExtraBold","subset":true,"weight":700},"HasClip":false,"Lang":"en","Page":0,"Path":"//Document/P[2]","Text":"Adobe® Document Services APIs Security Overview ","TextSize":50,"attributes":{"LineHeight":44,"SpaceAfter":18}},{"Bounds":[-39.219696044921875,-127.39190673828125,545.9302978515625,435.25010681152344],"ClipBounds":[-0.25,-0.25,545.9302978515625,435.25010681152344],"Page":0,"Path":"//Document/Figure[3]","attributes":{"BBox":[0,0.03222659999999955,545.737999999983,435.0149999999994],"Placement":"Block"}},{"Bounds":[104.58000183105469,655.4519958496094,289.1376190185547,685.0440063476562],"Font":{"alt_family_name":"Clean","embedded":true,"encoding":"Custom","family_name":"Adobe Clean","font_type":"Type1","italic":false,"monospaced":false,"name":"SYRALH+AdobeClean-ExtraBold","subset":true,"weight":700},"HasClip":false,"Lang":"en","Page":1,"Path":"//Document/H1","Text":"Table of Contents ","TextSize":24,"attributes":{"LineHeight":28.75,"SpaceAfter":18}},{"Bounds":[104.58000183105469,615.4040069580078,539.5830535888672,635.0359954833984],"Font":{"alt_family_name":"Clean","embedded":true,"encoding":"Custom","family_name":"Adobe Clean","font_type":"Type1","italic":false,"monospaced":false,"name":"SYRALH+AdobeClean-Bold","subset":true,"weight":700},"HasClip":false,"Page":1,"Path":"//Document/TOC/TOCI/Span/Reference","Text":"Adobe Security 3 ","TextSize":16},{"Bounds":[104.58000183105469,589.4040069580078,539.5830535888672,609.0359954833984],"Font":{"alt_family_name":"Clean","embedded":true,"encoding":"Custom","family_name":"Adobe Clean","font_type":"Type1","italic":false,"monospaced":false,"name":"SYRALH+AdobeClean-Bold","subset":true,"weight":700},"HasClip":false,"Page":1,"Path":"//Document/TOC/TOCI[2]/Span/Reference","Text":"About Adobe Document Services APIs 3 ","TextSize":16},{"Bounds":[104.58000183105469,563.4040069580078,539.5830230712891,583.0359954833984],"Font":{"alt_family_name":"Clean","embedded":true,"encoding":"Custom","family_name":"Adobe Clean","font_type":"Type1","italic":false,"monospaced":false,"name":"SYRALH+AdobeClean-Bold","subset":true,"weight":700},"HasClip":false,"Page":1,"Path":"//Document/TOC/TOCI[3]/Span/Reference","Text":"Adobe Document Services APIs Hosting and Security 4 ","TextSize":16},{"Bounds":[122.58000183105469,537.3719940185547,539.5830230712891,556.8760070800781],"Font":{"alt_family_name":"Clean","embedded":true,"encoding":"Custom","family_name":"Adobe Clean","font_type":"Type1","italic":false,"monospaced":false,"name":"SYRALH+AdobeClean-Regular","subset":true,"weight":400},"HasClip":false,"Page":1,"Path":"//Document/TOC/TOCI[4]/Span/Reference","Text":"Data Encryption 4 ","TextSize":16},{"Bounds":[122.58000183105469,511.3719940185547,539.5830230712891,530.8760070800781],"Font":{"alt_family_name":"Clean","embedded":true,"encoding":"Custom","family_name":"Adobe Clean","font_type":"Type1","italic":false,"monospaced":false,"name":"SYRALH+AdobeClean-Regular","subset":true,"weight":400},"HasClip":false,"Page":1,"Path":"//Document/TOC/TOCI[5]/Span/Reference","Text":"PDF Services API Security 4 ","TextSize":16},{"Bounds":[122.58000183105469,485.3719940185547,539.5830841064453,504.8760070800781],"Font":{"alt_family_name":"Clean","embedded":true,"encoding":"Custom","family_name":"Adobe Clean","font_type":"Type1","italic":false,"monospaced":false,"name":"SYRALH+AdobeClean-Regular","subset":true,"weight":400},"HasClip":false,"Page":1,"Path":"//Document/TOC/TOCI[6]/Span/Reference","Text":"PDF Embed API Security 5 ","TextSize":16},{"Bounds":[104.58000183105469,459.4040069580078,539.5830383300781,479.03599548339844],"Font":{"alt_family_name":"Clean","embedded":true,"encoding":"Custom","family_name":"Adobe Clean","font_type":"Type1","italic":false,"monospaced":false,"name":"SYRALH+AdobeClean-Bold","subset":true,"weight":700},"HasClip":false,"Page":1,"Path":"//Document/TOC/TOCI[7]/Span/Reference","Text":"Adobe Security Program Overview 6 ","TextSize":16},{"Bounds":[104.58000183105469,433.4040069580078,539.5830383300781,453.03599548339844],"Font":{"alt_family_name":"Clean","embedded":true,"encoding":"Custom","family_name":"Adobe Clean","font_type":"Type1","italic":false,"monospaced":false,"name":"SYRALH+AdobeClean-Bold","subset":true,"weight":700},"HasClip":false,"Page":1,"Path":"//Document/TOC/TOCI[8]/Span/Reference","Text":"The Adobe Security Organization 6 ","TextSize":16},{"Bounds":[104.58000183105469,407.4040069580078,539.5830078125,427.03599548339844],"Font":{"alt_family_name":"Clean","embedded":true,"encoding":"Custom","family_name":"Adobe Clean","font_type":"Type1","italic":false,"monospaced":false,"name":"SYRALH+AdobeClean-Bold","subset":true,"weight":700},"HasClip":false,"Page":1,"Path":"//Document/TOC/TOCI[9]/Span/Reference","Text":"The Adobe Secure Product Lifecycle 7 ","TextSize":16},{"Bounds":[104.58000183105469,381.4040069580078,539.5830688476562,401.03599548339844],"Font":{"alt_family_name":"Clean","embedded":true,"encoding":"Custom","family_name":"Adobe Clean","font_type":"Type1","italic":false,"monospaced":false,"name":"SYRALH+AdobeClean-Bold","subset":true,"weight":700},"HasClip":false,"Page":1,"Path":"//Document/TOC/TOCI[10]/Span/Reference","Text":"Adobe Application Security 8 ","TextSize":16},{"Bounds":[104.58000183105469,355.4040069580078,539.5830688476562,375.03599548339844],"Font":{"alt_family_name":"Clean","embedded":true,"encoding":"Custom","family_name":"Adobe Clean","font_type":"Type1","italic":false,"monospaced":false,"name":"SYRALH+AdobeClean-Bold","subset":true,"weight":700},"HasClip":false,"Page":1,"Path":"//Document/TOC/TOCI[11]/Span/Reference","Text":"Adobe Operational Security 8 ","TextSize":16},{"Bounds":[104.58000183105469,329.4040069580078,539.5830993652344,349.03599548339844],"Font":{"alt_family_name":"Clean","embedded":true,"encoding":"Custom","family_name":"Adobe Clean","font_type":"Type1","italic":false,"monospaced":false,"name":"SYRALH+AdobeClean-Bold","subset":true,"weight":700},"HasClip":false,"Page":1,"Path":"//Document/TOC/TOCI[12]/Span/Reference","Text":"Adobe Enterprise Security 9 ","TextSize":16},{"Bounds":[122.58000183105469,303.3719940185547,539.5830993652344,322.8760070800781],"Font":{"alt_family_name":"Clean","embedded":true,"encoding":"Custom","family_name":"Adobe Clean","font_type":"Type1","italic":false,"monospaced":false,"name":"SYRALH+AdobeClean-Regular","subset":true,"weight":400},"HasClip":false,"Page":1,"Path":"//Document/TOC/TOCI[13]/Span/Reference","Text":"Adobe Compliance  9 ","TextSize":16},{"Bounds":[122.58000183105469,277.3719940185547,539.5832366943359,296.8760070800781],"Font":{"alt_family_name":"Clean","embedded":true,"encoding":"Custom","family_name":"Adobe Clean","font_type":"Type1","italic":false,"monospaced":false,"name":"SYRALH+AdobeClean-Regular","subset":true,"weight":400},"HasClip":false,"Page":1,"Path":"//Document/TOC/TOCI[14]/Span/Reference","Text":"Incident Response 10 ","TextSize":16},{"Bounds":[122.58000183105469,251.3719940185547,539.5832366943359,270.8760070800781],"Font":{"alt_family_name":"Clean","embedded":true,"encoding":"Custom","family_name":"Adobe Clean","font_type":"Type1","italic":false,"monospaced":false,"name":"SYRALH+AdobeClean-Regular","subset":true,"weight":400},"HasClip":false,"Page":1,"Path":"//Document/TOC/TOCI[15]/Span/Reference","Text":"Business Continuity and Disaster Recovery 10 ","TextSize":16},{"Bounds":[104.58000183105469,225.4040069580078,539.5832366943359,245.03599548339844],"Font":{"alt_family_name":"Clean","embedded":true,"encoding":"Custom","family_name":"Adobe Clean","font_type":"Type1","italic":false,"monospaced":false,"name":"SYRALH+AdobeClean-Bold","subset":true,"weight":700},"HasClip":false,"Page":1,"Path":"//Document/TOC/TOCI[16]/Span/Reference","Text":"Conclusion 10 ","TextSize":16},{"Bounds":[105,714.6963043212891,266.77931213378906,744.2882995605469],"Font":{"alt_family_name":"Clean","embedded":true,"encoding":"Custom","family_name":"Adobe Clean","font_type":"Type1","italic":false,"monospaced":false,"name":"SYRALH+AdobeClean-ExtraBold","subset":true,"weight":700},"HasClip":false,"Lang":"en","Page":2,"Path":"//Document/H1[2]","Text":"Adobe Security ","TextSize":24,"attributes":{"LineHeight":28.75,"SpaceAfter":4.5}},{"Bounds":[105,608.4257965087891,497.32936096191406,711.2523040771484],"Font":{"alt_family_name":"Clean","embedded":true,"encoding":"Custom","family_name":"Adobe Clean","font_type":"Type1","italic":false,"monospaced":false,"name":"SYRALH+AdobeClean-Regular","subset":true,"weight":400},"HasClip":false,"Lang":"en","Page":2,"Path":"//Document/P[3]","Text":"At Adobe, we know the security of your digital experience is important. Security practices are deeply ingrained into our internal software development, operations processes, and tools. Our cross-functional teams strictly follow these practices to help prevent, detect, and respond to incidents in an expedient manner. We keep up to date with the latest threats and vulnerabilities through our collaborative work with partners, leading researchers, security research institutions, and other industry organizations and regularly incorporate advanced security techniques into the products and services we offer. ","TextSize":10.5,"attributes":{"LineHeight":15,"SpaceAfter":18}},{"Bounds":[105,569.4183044433594,494.586669921875,597.2223052978516],"Font":{"alt_family_name":"Clean","embedded":true,"encoding":"Custom","family_name":"Adobe Clean","font_type":"Type1","italic":false,"monospaced":false,"name":"SYRALH+AdobeClean-Regular","subset":true,"weight":400},"HasClip":false,"Lang":"en","Page":2,"Path":"//Document/P[4]","Text":"This white paper describes the defense-in-depth approach and security procedures implemented by Adobe to secure Adobe Document Services APIs and their associated data. ","TextSize":10.5,"attributes":{"LineHeight":15,"SpaceAfter":10.25}},{"Bounds":[105,527.1963043212891,499.09681701660156,556.7882995605469],"Font":{"alt_family_name":"Clean","embedded":true,"encoding":"Custom","family_name":"Adobe Clean","font_type":"Type1","italic":false,"monospaced":false,"name":"SYRALH+AdobeClean-ExtraBold","subset":true,"weight":700},"HasClip":false,"Lang":"en","Page":2,"Path":"//Document/H1[3]","Text":"About Adobe Document Services APIs ","TextSize":24,"attributes":{"LineHeight":28.75,"SpaceAfter":4.5}},{"Bounds":[105,480.9438018798828,501.7918243408203,523.7523040771484],"Font":{"alt_family_name":"Clean","embedded":true,"encoding":"Custom","family_name":"Adobe Clean","font_type":"Type1","italic":false,"monospaced":false,"name":"SYRALH+AdobeClean-Regular","subset":true,"weight":400},"HasClip":false,"Lang":"en","Page":2,"Path":"//Document/P[5]","Text":"Adobe Document Services APIs help developers automate the generation, manipulation, and transformation of document content via a set of modern cloud-based web services. There are four (4) main Document Services APIs: ","TextSize":10.5,"attributes":{"LineHeight":15,"SpaceAfter":11.375,"TextAlign":"Justify"}},{"Bounds":[105,456.96180725097656,226.56578063964844,469.8453063964844],"Font":{"alt_family_name":"Clean","embedded":true,"encoding":"Custom","family_name":"Adobe Clean","font_type":"Type1","italic":false,"monospaced":false,"name":"SYRALH+AdobeClean-Bold","subset":true,"weight":700},"HasClip":false,"Lang":"en","Page":2,"Path":"//Document/H2","Text":"1. Adobe PDF Services API ","TextSize":10.5,"attributes":{"LineHeight":12.625}},{"Bounds":[118.50300598144531,426.9317932128906,454.8347473144531,454.7357940673828],"Font":{"alt_family_name":"Clean","embedded":true,"encoding":"Custom","family_name":"Adobe Clean","font_type":"Type1","italic":false,"monospaced":false,"name":"SYRALH+AdobeClean-Regular","subset":true,"weight":400},"HasClip":false,"Lang":"en","Page":2,"Path":"//Document/P[6]","Text":"The Adobe PDF Services API is a cloud-based service that allows developers to manipulate PDFs in document workflows. Using the PDF Services API, you can: ","TextSize":10.5,"attributes":{"LineHeight":15,"SpaceAfter":9,"TextAlign":"Justify"}},{"Bounds":[119,402.831298828125,125.06094360351562,416.24029541015625],"Font":{"alt_family_name":"Clean","embedded":true,"encoding":"Custom","family_name":"Adobe Clean","font_type":"Type1","italic":false,"monospaced":false,"name":"SYRALH+AdobeClean-Regular","subset":true,"weight":400},"HasClip":false,"Page":2,"Path":"//Document/L/LI/Lbl","Text":"• ","TextSize":11},{"Bounds":[133,387.94830322265625,500.78875732421875,415.75230407714844],"Font":{"alt_family_name":"Clean","embedded":true,"encoding":"Custom","family_name":"Adobe Clean","font_type":"Type1","italic":false,"monospaced":false,"name":"SYRALH+AdobeClean-Regular","subset":true,"weight":400},"HasClip":false,"Page":2,"Path":"//Document/L/LI/LBody","Text":"Convert files from other formats to PDF files (e.g., HTML to PDF) and PDF files to other formats (e.g., PDF to Microsoft Word) ","TextSize":10.5},{"Bounds":[119,363.831298828125,125.06094360351562,377.24029541015625],"Font":{"alt_family_name":"Clean","embedded":true,"encoding":"Custom","family_name":"Adobe Clean","font_type":"Type1","italic":false,"monospaced":false,"name":"SYRALH+AdobeClean-Regular","subset":true,"weight":400},"HasClip":false,"Page":2,"Path":"//Document/L/LI[2]/Lbl","Text":"• ","TextSize":11},{"Bounds":[133,363.9528045654297,217.00833129882812,376.75230407714844],"Font":{"alt_family_name":"Clean","embedded":true,"encoding":"Custom","family_name":"Adobe Clean","font_type":"Type1","italic":false,"monospaced":false,"name":"SYRALH+AdobeClean-Regular","subset":true,"weight":400},"HasClip":false,"Page":2,"Path":"//Document/L/LI[2]/LBody","Text":"Compress PDF files ","TextSize":10.5},{"Bounds":[119,339.831298828125,125.06094360351562,353.24029541015625],"Font":{"alt_family_name":"Clean","embedded":true,"encoding":"Custom","family_name":"Adobe Clean","font_type":"Type1","italic":false,"monospaced":false,"name":"SYRALH+AdobeClean-Regular","subset":true,"weight":400},"HasClip":false,"Page":2,"Path":"//Document/L/LI[3]/Lbl","Text":"• ","TextSize":11},{"Bounds":[133,324.94830322265625,444.00889587402344,352.75230407714844],"Font":{"alt_family_name":"Clean","embedded":true,"encoding":"Custom","family_name":"Adobe Clean","font_type":"Type1","italic":false,"monospaced":false,"name":"SYRALH+AdobeClean-Regular","subset":true,"weight":400},"HasClip":false,"Page":2,"Path":"//Document/L/LI[3]/LBody","Text":"Combine multiple PDFs into a single PDF file or split a single PDF file into multiple PDFs ","TextSize":10.5},{"Bounds":[119,300.831298828125,125.06094360351562,314.24029541015625],"Font":{"alt_family_name":"Clean","embedded":true,"encoding":"Custom","family_name":"Adobe Clean","font_type":"Type1","italic":false,"monospaced":false,"name":"SYRALH+AdobeClean-Regular","subset":true,"weight":400},"HasClip":false,"Page":2,"Path":"//Document/L/LI[4]/Lbl","Text":"• ","TextSize":11},{"Bounds":[133,300.9528045654297,373.9707336425781,313.75230407714844],"Font":{"alt_family_name":"Clean","embedded":true,"encoding":"Custom","family_name":"Adobe Clean","font_type":"Type1","italic":false,"monospaced":false,"name":"SYRALH+AdobeClean-Regular","subset":true,"weight":400},"HasClip":false,"Page":2,"Path":"//Document/L/LI[4]/LBody","Text":"Perform OCR to create searchable and editable PDF files ","TextSize":10.5},{"Bounds":[119,276.831298828125,125.06094360351562,290.24029541015625],"Font":{"alt_family_name":"Clean","embedded":true,"encoding":"Custom","family_name":"Adobe Clean","font_type":"Type1","italic":false,"monospaced":false,"name":"SYRALH+AdobeClean-Regular","subset":true,"weight":400},"HasClip":false,"Page":2,"Path":"//Document/L/LI[5]/Lbl","Text":"• ","TextSize":11},{"Bounds":[133,276.9528045654297,283.3590087890625,289.75230407714844],"Font":{"alt_family_name":"Clean","embedded":true,"encoding":"Custom","family_name":"Adobe Clean","font_type":"Type1","italic":false,"monospaced":false,"name":"SYRALH+AdobeClean-Regular","subset":true,"weight":400},"HasClip":false,"Page":2,"Path":"//Document/L/LI[5]/LBody","Text":"Rotate or delete pages in a PDF file ","TextSize":10.5},{"Bounds":[119,252.831298828125,125.06094360351562,266.24029541015625],"Font":{"alt_family_name":"Clean","embedded":true,"encoding":"Custom","family_name":"Adobe Clean","font_type":"Type1","italic":false,"monospaced":false,"name":"SYRALH+AdobeClean-Regular","subset":true,"weight":400},"HasClip":false,"Page":2,"Path":"//Document/L/LI[6]/Lbl","Text":"• ","TextSize":11},{"Bounds":[133,252.9528045654297,493.374755859375,265.75230407714844],"Font":{"alt_family_name":"Clean","embedded":true,"encoding":"Custom","family_name":"Adobe Clean","font_type":"Type1","italic":false,"monospaced":false,"name":"SYRALH+AdobeClean-Regular","subset":true,"weight":400},"HasClip":false,"Page":2,"Path":"//Document/L/LI[6]/LBody","Text":"Add encryption to, restrict permissions, or remove password protection on a PDF file ","TextSize":10.5},{"Bounds":[104.99650573730469,219.97230529785156,221.3532257080078,232.85580444335938],"Font":{"alt_family_name":"Clean","embedded":true,"encoding":"Custom","family_name":"Adobe Clean","font_type":"Type1","italic":false,"monospaced":false,"name":"SYRALH+AdobeClean-Bold","subset":true,"weight":700},"HasClip":false,"Lang":"en","Page":2,"Path":"//Document/H2[2]","Text":"2. Adobe PDF Extract API ","TextSize":10.5,"attributes":{"LineHeight":12.625}},{"Bounds":[118.49949645996094,159.9333038330078,501.7873229980469,217.74630737304688],"Font":{"alt_family_name":"Clean","embedded":true,"encoding":"Custom","family_name":"Adobe Clean","font_type":"Type1","italic":false,"monospaced":false,"name":"SYRALH+AdobeClean-Regular","subset":true,"weight":400},"HasClip":false,"Lang":"en","Page":2,"Path":"//Document/P[7]","Text":"Bundled with the Adobe PDF Services API, the PDF Extract API leverages the Adobe Sensei AI and machine learning platform to automatically extract text, tables, images, and document structure from PDF documents — native or scanned — and output the content in a structured JSON format. ","TextSize":10.5,"attributes":{"LineHeight":15}},{"Bounds":[105,727.8150939941406,267.67433166503906,740.6985931396484],"Font":{"alt_family_name":"Clean","embedded":true,"encoding":"Custom","family_name":"Adobe Clean","font_type":"Type1","italic":false,"monospaced":false,"name":"SYRALH+AdobeClean-Bold","subset":true,"weight":700},"HasClip":false,"Lang":"en","Page":3,"Path":"//Document/H2[3]","Text":"3. Adobe Document Generation API ","TextSize":10.5,"attributes":{"LineHeight":12.625}},{"Bounds":[118.50300598144531,667.7760925292969,494.02085876464844,725.5890960693359],"Font":{"alt_family_name":"Clean","embedded":true,"encoding":"Custom","family_name":"Adobe Clean","font_type":"Type1","italic":false,"monospaced":false,"name":"SYRALH+AdobeClean-Regular","subset":true,"weight":400},"HasClip":false,"Lang":"en","Page":3,"Path":"//Document/P[8]","Text":"Also bundled with the Adobe PDF Services API, the Document Generation API is a cloud-based web service that enables you to produce high-fidelity PDF and Word documents from Word templates and JSON data, or even merge JSON data with Word templates to create dynamic documents. ","TextSize":10.5,"attributes":{"LineHeight":15,"SpaceAfter":18}},{"Bounds":[418.05799865722656,643.7731018066406,499.80517578125,656.593994140625],"Font":{"alt_family_name":"Clean","embedded":true,"encoding":"Custom","family_name":"Adobe Clean","font_type":"Type1","italic":false,"monospaced":false,"name":"SYRALH+AdobeClean-Regular","subset":true,"weight":400},"HasClip":false,"Page":3,"Path":"//Document/P[9]/StyleSpan/Reference","Text":"PDF Services SDKs ","TextSize":10.5},{"Bounds":[118.50300598144531,628.7686004638672,499.80517578125,656.593994140625],"Font":{"alt_family_name":"Clean","embedded":true,"encoding":"Custom","family_name":"Adobe Clean","font_type":"Type1","italic":false,"monospaced":false,"name":"SYRALH+AdobeClean-Regular","subset":true,"weight":400},"HasClip":false,"Lang":"en","Page":3,"Path":"//Document/P[9]","Text":"Developers can embed the PDF Services API in any application via the for Java, .NET, Node.js, and Python. ","TextSize":10.5,"attributes":{"LineHeight":15,"SpaceAfter":18}},{"Bounds":[105,595.7881011962891,221.33677673339844,608.6716003417969],"Font":{"alt_family_name":"Clean","embedded":true,"encoding":"Custom","family_name":"Adobe Clean","font_type":"Type1","italic":false,"monospaced":false,"name":"SYRALH+AdobeClean-Bold","subset":true,"weight":700},"HasClip":false,"Lang":"en","Page":3,"Path":"//Document/H2[4]","Text":"4. Adobe PDF Embed API ","TextSize":10.5,"attributes":{"LineHeight":12.625}},{"Bounds":[118.50300598144531,550.7536010742188,494.49229431152344,593.5621032714844],"Font":{"alt_family_name":"Clean","embedded":true,"encoding":"Custom","family_name":"Adobe Clean","font_type":"Type1","italic":false,"monospaced":false,"name":"SYRALH+AdobeClean-Regular","subset":true,"weight":400},"HasClip":false,"Lang":"en","Page":3,"Path":"//Document/P[10]","Text":"The Adobe PDF Embed API allows developers to embed a PDF viewer into any web application and natively display their PDF in a controlled environment, enabling users to interact with and collaborate on PDFs within the application. ","TextSize":10.5,"attributes":{"LineHeight":15,"SpaceAfter":11.375}},{"Bounds":[118.50300598144531,526.7505950927734,266.8332977294922,539.5500946044922],"Font":{"alt_family_name":"Clean","embedded":true,"encoding":"Custom","family_name":"Adobe Clean","font_type":"Type1","italic":false,"monospaced":false,"name":"SYRALH+AdobeClean-Regular","subset":true,"weight":400},"HasClip":false,"Lang":"en","Page":3,"Path":"//Document/P[11]","Text":"With the PDF Embed API, you can: ","TextSize":10.5,"attributes":{"LineHeight":12.625,"SpaceAfter":11.375}},{"Bounds":[119,502.672607421875,125.06094360351562,516.0816040039062],"Font":{"alt_family_name":"Clean","embedded":true,"encoding":"Custom","family_name":"Adobe Clean","font_type":"Type1","italic":false,"monospaced":false,"name":"SYRALH+AdobeClean-Regular","subset":true,"weight":400},"HasClip":false,"Page":3,"Path":"//Document/L[2]/LI/Lbl","Text":"• ","TextSize":11},{"Bounds":[133,502.7940979003906,419.13963317871094,515.5935974121094],"Font":{"alt_family_name":"Clean","embedded":true,"encoding":"Custom","family_name":"Adobe Clean","font_type":"Type1","italic":false,"monospaced":false,"name":"SYRALH+AdobeClean-Regular","subset":true,"weight":400},"HasClip":false,"Page":3,"Path":"//Document/L[2]/LI/LBody","Text":"Embed PDFs without forcing users to download additional plug-ins ","TextSize":10.5},{"Bounds":[119,478.672607421875,125.06094360351562,492.08160400390625],"Font":{"alt_family_name":"Clean","embedded":true,"encoding":"Custom","family_name":"Adobe Clean","font_type":"Type1","italic":false,"monospaced":false,"name":"SYRALH+AdobeClean-Regular","subset":true,"weight":400},"HasClip":false,"Page":3,"Path":"//Document/L[2]/LI[2]/Lbl","Text":"• ","TextSize":11},{"Bounds":[133,478.7940979003906,400.89378356933594,491.5935974121094],"Font":{"alt_family_name":"Clean","embedded":true,"encoding":"Custom","family_name":"Adobe Clean","font_type":"Type1","italic":false,"monospaced":false,"name":"SYRALH+AdobeClean-Regular","subset":true,"weight":400},"HasClip":false,"Page":3,"Path":"//Document/L[2]/LI[2]/LBody","Text":"Provide a rich PDF viewing experience within web applications ","TextSize":10.5},{"Bounds":[119,454.672607421875,125.06094360351562,468.08160400390625],"Font":{"alt_family_name":"Clean","embedded":true,"encoding":"Custom","family_name":"Adobe Clean","font_type":"Type1","italic":false,"monospaced":false,"name":"SYRALH+AdobeClean-Regular","subset":true,"weight":400},"HasClip":false,"Page":3,"Path":"//Document/L[2]/LI[3]/Lbl","Text":"• ","TextSize":11},{"Bounds":[133,454.7940979003906,355.79522705078125,467.5935974121094],"Font":{"alt_family_name":"Clean","embedded":true,"encoding":"Custom","family_name":"Adobe Clean","font_type":"Type1","italic":false,"monospaced":false,"name":"SYRALH+AdobeClean-Regular","subset":true,"weight":400},"HasClip":false,"Page":3,"Path":"//Document/L[2]/LI[3]/LBody","Text":"Enable digital collaboration and document analytics ","TextSize":10.5},{"Bounds":[118.49949645996094,415.78660583496094,502.7322998046875,443.5906066894531],"Font":{"alt_family_name":"Clean","embedded":true,"encoding":"Custom","family_name":"Adobe Clean","font_type":"Type1","italic":false,"monospaced":false,"name":"SYRALH+AdobeClean-Regular","subset":true,"weight":400},"HasClip":false,"Lang":"en","Page":3,"Path":"//Document/P[12]","Text":"Developers embed PDFs into applications using web-based JavaScript code and in-page JS options, with support for React and Angular frameworks. ","TextSize":10.5,"attributes":{"LineHeight":15,"SpaceAfter":9}},{"Bounds":[118.49949645996094,376.7790985107422,219.48699951171875,389.593994140625],"Font":{"alt_family_name":"Clean","embedded":true,"encoding":"Custom","family_name":"Adobe Clean","font_type":"Type1","italic":false,"monospaced":false,"name":"SYRALH+AdobeClean-Regular","subset":true,"weight":400},"HasClip":false,"Page":3,"Path":"//Document/P[13]/StyleSpan/Reference","Text":"product documentation","TextSize":10.5},{"Bounds":[118.49949645996094,376.7790985107422,464.5563201904297,404.5830993652344],"Font":{"alt_family_name":"Clean","embedded":true,"encoding":"Custom","family_name":"Adobe Clean","font_type":"Type1","italic":false,"monospaced":false,"name":"SYRALH+AdobeClean-Regular","subset":true,"weight":400},"HasClip":false,"Lang":"en","Page":3,"Path":"//Document/P[13]","Text":"For a complete list of functionality and other details for these APIs, please see the . ","TextSize":10.5,"attributes":{"LineHeight":15,"SpaceAfter":9}},{"Bounds":[105,304.53759765625,430.8672180175781,364.1295928955078],"Font":{"alt_family_name":"Clean","embedded":true,"encoding":"Custom","family_name":"Adobe Clean","font_type":"Type1","italic":false,"monospaced":false,"name":"SYRALH+AdobeClean-ExtraBold","subset":true,"weight":700},"HasClip":false,"Lang":"en","Page":3,"Path":"//Document/H1[4]","Text":"Adobe Document Services APIs Hosting and Security ","TextSize":24,"attributes":{"LineHeight":30,"SpaceAfter":4.5}},{"Bounds":[105,243.2805938720703,488.15757751464844,301.0935974121094],"Font":{"alt_family_name":"Clean","embedded":true,"encoding":"Custom","family_name":"Adobe Clean","font_type":"Type1","italic":false,"monospaced":false,"name":"SYRALH+AdobeClean-Regular","subset":true,"weight":400},"HasClip":false,"Lang":"en","Page":3,"Path":"//Document/P[14]","Text":"All server-side components of PDF Services API and PDF Embed API are hosted in the data centers of leading cloud hosting providers. Publicly accessible and downloadable components, such as the PDF Services SDKs and the PDF Embed API JavaScript library are hosted on providers relevant to the component, such as library repositories and CDNs. ","TextSize":10.5,"attributes":{"LineHeight":15,"SpaceAfter":16}},{"Bounds":[105,203.95359802246094,224.75210571289062,225.82359313964844],"Font":{"alt_family_name":"Clean","embedded":true,"encoding":"WinAnsiEncoding","family_name":"Adobe Clean","font_type":"Type1","italic":false,"monospaced":false,"name":"SYRALH+AdobeClean-SemiLight","subset":true,"weight":200},"HasClip":false,"Lang":"en","Page":3,"Path":"//Document/H2[5]","Text":"Data Encryption ","TextSize":18,"attributes":{"LineHeight":21.625,"SpaceAfter":6.875}},{"Bounds":[105,186.29409790039062,348.4707794189453,199.09359741210938],"Font":{"alt_family_name":"Clean","embedded":true,"encoding":"Custom","family_name":"Adobe Clean","font_type":"Type1","italic":false,"monospaced":false,"name":"SYRALH+AdobeClean-Regular","subset":true,"weight":400},"HasClip":false,"Lang":"en","Page":3,"Path":"//Document/P[15]","Text":"All content in transit is encrypted using TLS 1.2 or greater. ","TextSize":10.5,"attributes":{"LineHeight":12.625,"SpaceAfter":16}},{"Bounds":[105,146.95359802246094,291.29637145996094,168.82359313964844],"Font":{"alt_family_name":"Clean","embedded":true,"encoding":"WinAnsiEncoding","family_name":"Adobe Clean","font_type":"Type1","italic":false,"monospaced":false,"name":"SYRALH+AdobeClean-SemiLight","subset":true,"weight":200},"HasClip":false,"Lang":"en","Page":3,"Path":"//Document/H2[6]","Text":"PDF Services API Security ","TextSize":18,"attributes":{"LineHeight":21.625,"SpaceAfter":7.5}},{"Bounds":[105,122.21560668945312,203.93861389160156,140.71060180664062],"Font":{"alt_family_name":"Clean","embedded":true,"encoding":"Custom","family_name":"Adobe Clean","font_type":"Type1","italic":false,"monospaced":false,"name":"SYRALH+AdobeClean-ExtraBold","subset":true,"weight":700},"HasClip":false,"Lang":"en","Page":3,"Path":"//Document/H3","Text":"Authentication ","TextSize":15,"attributes":{"LineHeight":18,"SpaceAfter":4.5}},{"Bounds":[271.3159942626953,88.78959655761719,423.7432098388672,101.593994140625],"Font":{"alt_family_name":"Clean","embedded":true,"encoding":"Custom","family_name":"Adobe Clean","font_type":"Type1","italic":false,"monospaced":false,"name":"SYRALH+AdobeClean-Regular","subset":true,"weight":400},"HasClip":false,"Page":3,"Path":"//Document/P[16]/StyleSpan/Reference","Text":"Adobe I/O Authentication Overview","TextSize":10.5},{"Bounds":[105,88.78959655761719,498.4076385498047,116.59359741210938],"Font":{"alt_family_name":"Clean","embedded":true,"encoding":"Custom","family_name":"Adobe Clean","font_type":"Type1","italic":false,"monospaced":false,"name":"SYRALH+AdobeClean-Regular","subset":true,"weight":400},"HasClip":false,"Lang":"en","Page":3,"Path":"//Document/P[16]","Text":"The PDF Services API supports Service Account authentication. For more information on this authentication type, please refer to the . ","TextSize":10.5,"attributes":{"LineHeight":15}},{"Bounds":[105,723.4351959228516,316.88548278808594,741.9302062988281],"Font":{"alt_family_name":"Clean","embedded":true,"encoding":"Custom","family_name":"Adobe Clean","font_type":"Type1","italic":false,"monospaced":false,"name":"SYRALH+AdobeClean-ExtraBold","subset":true,"weight":700},"HasClip":false,"Lang":"en","Page":4,"Path":"//Document/H3[2]","Text":"User-Generated Content Storage ","TextSize":15,"attributes":{"LineHeight":18,"SpaceAfter":4.5}},{"Bounds":[105,690.0092010498047,502.6403045654297,717.8132019042969],"Font":{"alt_family_name":"Clean","embedded":true,"encoding":"Custom","family_name":"Adobe Clean","font_type":"Type1","italic":false,"monospaced":false,"name":"SYRALH+AdobeClean-Regular","subset":true,"weight":400},"HasClip":false,"Lang":"en","Page":4,"Path":"//Document/P[17]","Text":"PDF Services API accepts and returns user-generated content (UGC). This content is uploaded to Adobe Document Cloud and temporarily cached as part of normal service operations. ","TextSize":10.5,"attributes":{"LineHeight":15,"SpaceAfter":18}},{"Bounds":[105,650.6732025146484,284.0603790283203,672.5431976318359],"Font":{"alt_family_name":"Clean","embedded":true,"encoding":"WinAnsiEncoding","family_name":"Adobe Clean","font_type":"Type1","italic":false,"monospaced":false,"name":"SYRALH+AdobeClean-SemiLight","subset":true,"weight":200},"HasClip":false,"Lang":"en","Page":4,"Path":"//Document/H2[7]","Text":"PDF Embed API Security ","TextSize":18,"attributes":{"LineHeight":21.625,"SpaceAfter":7.5}},{"Bounds":[105,625.9351959228516,203.93861389160156,644.4302062988281],"Font":{"alt_family_name":"Clean","embedded":true,"encoding":"Custom","family_name":"Adobe Clean","font_type":"Type1","italic":false,"monospaced":false,"name":"SYRALH+AdobeClean-ExtraBold","subset":true,"weight":700},"HasClip":false,"Lang":"en","Page":4,"Path":"//Document/H3[3]","Text":"Authentication ","TextSize":15,"attributes":{"LineHeight":18,"SpaceAfter":4.5}},{"Bounds":[105,577.5046997070312,483.06817626953125,620.3132019042969],"Font":{"alt_family_name":"Clean","embedded":true,"encoding":"Custom","family_name":"Adobe Clean","font_type":"Type1","italic":false,"monospaced":false,"name":"SYRALH+AdobeClean-Regular","subset":true,"weight":400},"HasClip":false,"Lang":"en","Page":4,"Path":"//Document/P[18]","Text":"PDF Embed API is a client-side JavaScript- and WASM-based library and does not make any calls to cloud-based services. There are only three purposes for which the API makes network calls: ","TextSize":10.5,"attributes":{"LineHeight":15,"SpaceAfter":11.375}},{"Bounds":[105,553.3921966552734,111.06094360351562,566.8011932373047],"Font":{"alt_family_name":"Clean","embedded":true,"encoding":"Custom","family_name":"Adobe Clean","font_type":"Type1","italic":false,"monospaced":false,"name":"SYRALH+AdobeClean-Regular","subset":true,"weight":400},"HasClip":false,"Page":4,"Path":"//Document/L[3]/LI/Lbl","Text":"• ","TextSize":11},{"Bounds":[118.5,553.5137023925781,392.5247344970703,566.3132019042969],"Font":{"alt_family_name":"Clean","embedded":true,"encoding":"Custom","family_name":"Adobe Clean","font_type":"Type1","italic":false,"monospaced":false,"name":"SYRALH+AdobeClean-Regular","subset":true,"weight":400},"HasClip":false,"Page":4,"Path":"//Document/L[3]/LI/LBody","Text":"Validating the client ID specified in JavaScript code upon loading ","TextSize":10.5},{"Bounds":[105,529.3921966552734,111.06094360351562,542.8011932373047],"Font":{"alt_family_name":"Clean","embedded":true,"encoding":"Custom","family_name":"Adobe Clean","font_type":"Type1","italic":false,"monospaced":false,"name":"SYRALH+AdobeClean-Regular","subset":true,"weight":400},"HasClip":false,"Page":4,"Path":"//Document/L[3]/LI[2]/Lbl","Text":"• ","TextSize":11},{"Bounds":[118.5,514.5092010498047,501.6302185058594,542.3132019042969],"Font":{"alt_family_name":"Clean","embedded":true,"encoding":"Custom","family_name":"Adobe Clean","font_type":"Type1","italic":false,"monospaced":false,"name":"SYRALH+AdobeClean-Regular","subset":true,"weight":400},"HasClip":false,"Page":4,"Path":"//Document/L[3]/LI[2]/LBody","Text":"Logging event data for out-of-the-box analytics and a pre-configured analytics dashboard, if given an Adobe Analytics report suite ID by the PDF Embed API integrator ","TextSize":10.5},{"Bounds":[105,490.39219665527344,111.06094360351562,503.8011932373047],"Font":{"alt_family_name":"Clean","embedded":true,"encoding":"Custom","family_name":"Adobe Clean","font_type":"Type1","italic":false,"monospaced":false,"name":"SYRALH+AdobeClean-Regular","subset":true,"weight":400},"HasClip":false,"Page":4,"Path":"//Document/L[3]/LI[3]/Lbl","Text":"• ","TextSize":11},{"Bounds":[118.5,475.5092010498047,492.1813659667969,503.3132019042969],"Font":{"alt_family_name":"Clean","embedded":true,"encoding":"Custom","family_name":"Adobe Clean","font_type":"Type1","italic":false,"monospaced":false,"name":"SYRALH+AdobeClean-Regular","subset":true,"weight":400},"HasClip":false,"Page":4,"Path":"//Document/L[3]/LI[3]/LBody","Text":"Loggin anonymous usage data in Adobe Analytics for internal use by Adobe for product improvement and feedback. ","TextSize":10.5},{"Bounds":[105,444.43519592285156,206.51707458496094,462.9302062988281],"Font":{"alt_family_name":"Clean","embedded":true,"encoding":"Custom","family_name":"Adobe Clean","font_type":"Type1","italic":false,"monospaced":false,"name":"SYRALH+AdobeClean-ExtraBold","subset":true,"weight":700},"HasClip":false,"Lang":"en","Page":4,"Path":"//Document/H3[4]","Text":"Iframe Security ","TextSize":15,"attributes":{"LineHeight":18,"SpaceAfter":4.5}},{"Bounds":[105,381.0001983642578,502.65174865722656,438.8132019042969],"Font":{"alt_family_name":"Clean","embedded":true,"encoding":"Custom","family_name":"Adobe Clean","font_type":"Type1","italic":false,"monospaced":false,"name":"SYRALH+AdobeClean-Regular","subset":true,"weight":400},"HasClip":false,"Lang":"en","Page":4,"Path":"//Document/P[19]","Text":"The core functionality of PDF Embed API is contained within a sandboxed iframe. This helps prevent any vulnerabilities in the library from affecting the host website and vice versa. It also prevents unintended document object model (DOM) access and manipulation across the iframe boundary. ","TextSize":10.5,"attributes":{"LineHeight":15,"SpaceAfter":12}},{"Bounds":[105,349.93519592285156,296.1105499267578,368.4302062988281],"Font":{"alt_family_name":"Clean","embedded":true,"encoding":"Custom","family_name":"Adobe Clean","font_type":"Type1","italic":false,"monospaced":false,"name":"SYRALH+AdobeClean-ExtraBold","subset":true,"weight":700},"HasClip":false,"Lang":"en","Page":4,"Path":"//Document/H3[5]","Text":"Content Security Policy (CSP) ","TextSize":15,"attributes":{"LineHeight":18,"SpaceAfter":4.5}},{"Bounds":[105,316.5092010498047,493.7036590576172,344.3132019042969],"Font":{"alt_family_name":"Clean","embedded":true,"encoding":"Custom","family_name":"Adobe Clean","font_type":"Type1","italic":false,"monospaced":false,"name":"SYRALH+AdobeClean-Regular","subset":true,"weight":400},"HasClip":false,"Lang":"en","Page":4,"Path":"//Document/P[20]","Text":"Content loaded in the iframe is governed by CSP directives that help protect against certain kinds of attacks, including cross-site scripting (XSS). ","TextSize":10.5,"attributes":{"LineHeight":15,"SpaceAfter":12}},{"Bounds":[105,285.43519592285156,211.45347595214844,303.9302062988281],"Font":{"alt_family_name":"Clean","embedded":true,"encoding":"Custom","family_name":"Adobe Clean","font_type":"Type1","italic":false,"monospaced":false,"name":"SYRALH+AdobeClean-ExtraBold","subset":true,"weight":700},"HasClip":false,"Lang":"en","Page":4,"Path":"//Document/H3[6]","Text":"Content Storage ","TextSize":15,"attributes":{"LineHeight":18,"SpaceAfter":4.5}},{"Bounds":[105,206.99569702148438,497.07525634765625,279.8132019042969],"Font":{"alt_family_name":"Clean","embedded":true,"encoding":"Custom","family_name":"Adobe Clean","font_type":"Type1","italic":false,"monospaced":false,"name":"SYRALH+AdobeClean-Regular","subset":true,"weight":400},"HasClip":false,"Lang":"en","Page":4,"Path":"//Document/P[21]","Text":"The PDF Embed API does not manage content in cloud storage. Its primary functionality is restricted to loading and rendering PDF files supplied by the customer and, when asked to, saving a copy of the loaded file to local drives or external storage. Any controls or storage of the documents are dependent on either the website or the access controls of the browser to the PDF file. ","TextSize":10.5,"attributes":{"LineHeight":15}},{"Bounds":[105,714.6963043212891,466.7929229736328,744.2882995605469],"Font":{"alt_family_name":"Clean","embedded":true,"encoding":"Custom","family_name":"Adobe Clean","font_type":"Type1","italic":false,"monospaced":false,"name":"SYRALH+AdobeClean-ExtraBold","subset":true,"weight":700},"HasClip":false,"Lang":"en","Page":5,"Path":"//Document/H1[5]","Text":"Adobe Security Program Overview ","TextSize":24,"attributes":{"LineHeight":28.75,"SpaceAfter":4.5}},{"Bounds":[105,668.4438018798828,497.9687194824219,711.2523040771484],"Font":{"alt_family_name":"Clean","embedded":true,"encoding":"Custom","family_name":"Adobe Clean","font_type":"Type1","italic":false,"monospaced":false,"name":"SYRALH+AdobeClean-Regular","subset":true,"weight":400},"HasClip":false,"Lang":"en","Page":5,"Path":"//Document/P[22]","Text":"The integrated security program at Adobe is composed of five (5) centers of excellence, each of which constantly iterates and advances the ways we detect and prevent risk by leveraging new and emerging technologies, such as automation, AI, and machine learning.  ","TextSize":10.5,"attributes":{"LineHeight":15,"SpaceAfter":18,"TextAlign":"Justify"}},{"Bounds":[104.74960327148438,576.6591949462891,500.25010681152344,659.0792694091797],"ClipBounds":[104.75,576.6591949462891,500.25,658.2540283203125],"Page":5,"Path":"//Document/Figure[4]","attributes":{"BBox":[104.99599999999919,576.9689999999828,500.0199999999895,656.8849999999802],"Placement":"Block"}},{"Bounds":[105,554.0052032470703,246.91676330566406,563.2852020263672],"Font":{"alt_family_name":"Clean","embedded":true,"encoding":"Custom","family_name":"Adobe Clean","font_type":"Type1","italic":false,"monospaced":false,"name":"SYRALH+AdobeClean-SemiCn","subset":true,"weight":400},"HasClip":false,"Lang":"en","Page":5,"Path":"//Document/P[23]","Text":"Figure 1: Five Security Centers of Excellence  ","TextSize":8,"attributes":{"LineHeight":9.625,"SpaceAfter":11.375}},{"Bounds":[105,529.3576965332031,381.3882751464844,542.1571960449219],"Font":{"alt_family_name":"Clean","embedded":true,"encoding":"Custom","family_name":"Adobe Clean","font_type":"Type1","italic":false,"monospaced":false,"name":"SYRALH+AdobeClean-Regular","subset":true,"weight":400},"HasClip":false,"Lang":"en","Page":5,"Path":"//Document/P[24]","Text":"The centers of excellence in the Adobe security program include: ","TextSize":10.5,"attributes":{"LineHeight":12.625,"SpaceAfter":9}},{"Bounds":[105,505.2362060546875,111.06094360351562,518.6452026367188],"Font":{"alt_family_name":"Clean","embedded":true,"encoding":"Custom","family_name":"Adobe Clean","font_type":"Type1","italic":false,"monospaced":false,"name":"SYRALH+AdobeClean-Regular","subset":true,"weight":400},"HasClip":false,"Page":5,"Path":"//Document/L[4]/LI/Lbl","Text":"• ","TextSize":11},{"Bounds":[118.5,490.3531951904297,480.9033203125,518.26220703125],"Font":{"alt_family_name":"Clean","embedded":true,"encoding":"Custom","family_name":"Adobe Clean","font_type":"Type1","italic":false,"monospaced":false,"name":"SYRALH+AdobeClean-Bold","subset":true,"weight":700},"HasClip":false,"Page":5,"Path":"//Document/L[4]/LI/LBody","Text":"Application Security — Focuses on the security of our product code, conducts threat research, and implements bug bounty. ","TextSize":10.5},{"Bounds":[105,466.2362060546875,111.06094360351562,479.64520263671875],"Font":{"alt_family_name":"Clean","embedded":true,"encoding":"Custom","family_name":"Adobe Clean","font_type":"Type1","italic":false,"monospaced":false,"name":"SYRALH+AdobeClean-Regular","subset":true,"weight":400},"HasClip":false,"Page":5,"Path":"//Document/L[4]/LI[2]/Lbl","Text":"• ","TextSize":11},{"Bounds":[118.5,451.3531951904297,454.6837463378906,479.26220703125],"Font":{"alt_family_name":"Clean","embedded":true,"encoding":"Custom","family_name":"Adobe Clean","font_type":"Type1","italic":false,"monospaced":false,"name":"SYRALH+AdobeClean-Bold","subset":true,"weight":700},"HasClip":false,"Page":5,"Path":"//Document/L[4]/LI[2]/LBody","Text":"Operational Security — Helps monitor and secure our systems, networks, and production cloud systems. ","TextSize":10.5},{"Bounds":[105,427.2362060546875,111.06094360351562,440.64520263671875],"Font":{"alt_family_name":"Clean","embedded":true,"encoding":"Custom","family_name":"Adobe Clean","font_type":"Type1","italic":false,"monospaced":false,"name":"SYRALH+AdobeClean-Regular","subset":true,"weight":400},"HasClip":false,"Page":5,"Path":"//Document/L[4]/LI[3]/Lbl","Text":"• ","TextSize":11},{"Bounds":[118.5,412.3531951904297,502.89971923828125,440.26220703125],"Font":{"alt_family_name":"Clean","embedded":true,"encoding":"Custom","family_name":"Adobe Clean","font_type":"Type1","italic":false,"monospaced":false,"name":"SYRALH+AdobeClean-Bold","subset":true,"weight":700},"HasClip":false,"Page":5,"Path":"//Document/L[4]/LI[3]/LBody","Text":"Enterprise Security — Concentrates on secure access to and authentication for the Adobe corporate environment. ","TextSize":10.5},{"Bounds":[105,388.2362060546875,111.06094360351562,401.64520263671875],"Font":{"alt_family_name":"Clean","embedded":true,"encoding":"Custom","family_name":"Adobe Clean","font_type":"Type1","italic":false,"monospaced":false,"name":"SYRALH+AdobeClean-Regular","subset":true,"weight":400},"HasClip":false,"Page":5,"Path":"//Document/L[4]/LI[4]/Lbl","Text":"• ","TextSize":11},{"Bounds":[118.5,373.3531951904297,503.43727111816406,401.26220703125],"Font":{"alt_family_name":"Clean","embedded":true,"encoding":"Custom","family_name":"Adobe Clean","font_type":"Type1","italic":false,"monospaced":false,"name":"SYRALH+AdobeClean-Bold","subset":true,"weight":700},"HasClip":false,"Page":5,"Path":"//Document/L[4]/LI[4]/LBody","Text":"Compliance — Oversees our security governance model, audit and compliance programs, and risk analysis; and ","TextSize":10.5},{"Bounds":[105,349.2362060546875,111.06094360351562,362.64520263671875],"Font":{"alt_family_name":"Clean","embedded":true,"encoding":"Custom","family_name":"Adobe Clean","font_type":"Type1","italic":false,"monospaced":false,"name":"SYRALH+AdobeClean-Regular","subset":true,"weight":400},"HasClip":false,"Page":5,"Path":"//Document/L[4]/LI[5]/Lbl","Text":"• ","TextSize":11},{"Bounds":[118.5,349.3576965332031,501.00022888183594,362.26220703125],"Font":{"alt_family_name":"Clean","embedded":true,"encoding":"Custom","family_name":"Adobe Clean","font_type":"Type1","italic":false,"monospaced":false,"name":"SYRALH+AdobeClean-Bold","subset":true,"weight":700},"HasClip":false,"Page":5,"Path":"//Document/L[4]/LI[5]/LBody","Text":"Incident Response — Includes our 24x7 security operations center and threat responders. ","TextSize":10.5},{"Bounds":[104.99699401855469,295.345703125,498.89820861816406,338.1542053222656],"Font":{"alt_family_name":"Clean","embedded":true,"encoding":"Custom","family_name":"Adobe Clean","font_type":"Type1","italic":false,"monospaced":false,"name":"SYRALH+AdobeClean-Regular","subset":true,"weight":400},"HasClip":false,"Lang":"en","Page":5,"Path":"//Document/P[25]","Text":"Illustrative of our commitment to the security of our products and services, the centers of excellence report to the office of the Chief Security Officer (CSO), who coordinates all current security efforts and develops the vision for the future evolution of security at Adobe. ","TextSize":10.5,"attributes":{"LineHeight":15,"SpaceAfter":10.25}},{"Bounds":[105,253.1011962890625,449.9449768066406,282.6932067871094],"Font":{"alt_family_name":"Clean","embedded":true,"encoding":"Custom","family_name":"Adobe Clean","font_type":"Type1","italic":false,"monospaced":false,"name":"SYRALH+AdobeClean-ExtraBold","subset":true,"weight":700},"HasClip":false,"Lang":"en","Page":5,"Path":"//Document/H1[6]","Text":"The Adobe Security Organization ","TextSize":24,"attributes":{"LineHeight":28.75,"SpaceAfter":4.5}},{"Bounds":[105,176.83970642089844,497.5257568359375,249.65719604492188],"Font":{"alt_family_name":"Clean","embedded":true,"encoding":"Custom","family_name":"Adobe Clean","font_type":"Type1","italic":false,"monospaced":false,"name":"SYRALH+AdobeClean-Regular","subset":true,"weight":400},"HasClip":false,"Lang":"en","Page":5,"Path":"//Document/P[26]","Text":"Based on a platform of transparent, accountable, and informed decision-making, the Adobe security organization brings together the full range of security services under a single governance model. At a senior level, the CSO closely collaborates with the Chief Information Officer (CIO) and Chief Privacy Officer (CPO) to help ensure alignment on security strategy and operations. ","TextSize":10.5,"attributes":{"LineHeight":15,"SpaceAfter":9}},{"Bounds":[105,122.82769775390625,502.1341094970703,165.63619995117188],"Font":{"alt_family_name":"Clean","embedded":true,"encoding":"Custom","family_name":"Adobe Clean","font_type":"Type1","italic":false,"monospaced":false,"name":"SYRALH+AdobeClean-Regular","subset":true,"weight":400},"HasClip":false,"Lang":"en","Page":5,"Path":"//Document/P[27]","Text":"In addition to the centers of excellence described above, Adobe embeds team members from legal, privacy, marketing, and PR in the security organization to help drive transparency and accountability in all security-related decisions. ","TextSize":10.5,"attributes":{"LineHeight":15}},{"Bounds":[103.31739807128906,599.8696899414062,501.68260192871094,739.6819152832031],"ClipBounds":[104.75,599.9210205078125,500.25,738.25],"Page":6,"Path":"//Document/Figure[5]","attributes":{"BBox":[104.99599999999919,601.4479999999749,500.0199999999895,737.8819999999832],"Placement":"Block"}},{"Bounds":[105,578.2671966552734,240.02877807617188,587.5471954345703],"Font":{"alt_family_name":"Clean","embedded":true,"encoding":"Custom","family_name":"Adobe Clean","font_type":"Type1","italic":false,"monospaced":false,"name":"SYRALH+AdobeClean-SemiCn","subset":true,"weight":400},"HasClip":false,"Lang":"en","Page":6,"Path":"//Document/P[28]","Text":"Figure 2: The Adobe Security Organization ","TextSize":8,"attributes":{"LineHeight":9.625,"SpaceAfter":9}},{"Bounds":[121.26400756835938,448.58819580078125,272.1579284667969,461.41900634765625],"Font":{"alt_family_name":"Clean","embedded":true,"encoding":"Custom","family_name":"Adobe Clean","font_type":"Type1","italic":false,"monospaced":false,"name":"SYRALH+AdobeClean-Regular","subset":true,"weight":400},"HasClip":false,"Page":6,"Path":"//Document/P[29]/StyleSpan/Reference","Text":"Adobe Security Culture white paper","TextSize":10.5},{"Bounds":[105,448.58819580078125,503.21678161621094,566.4192047119141],"Font":{"alt_family_name":"Clean","embedded":true,"encoding":"Custom","family_name":"Adobe Clean","font_type":"Type1","italic":false,"monospaced":false,"name":"SYRALH+AdobeClean-Regular","subset":true,"weight":400},"HasClip":false,"Lang":"en","Page":6,"Path":"//Document/P[29]","Text":"As part of our company-wide culture of security, Adobe requires that every employee completes our security awareness and education training, which requires completion and re-certification on an annual basis, helping ensure that every employee contributes to protecting Adobe corporate assets as well as customer and employee data. On hire, our technical employees, including engineering and technical operations teams, are auto-enrolled in an in-depth ‘martial arts’-styled training program, which is tailored to their specific roles. For more information on our culture of security and our training programs, please see the . ","TextSize":10.5,"attributes":{"LineHeight":15,"SpaceAfter":10.25}},{"Bounds":[105,406.3632049560547,479.58238220214844,435.9552001953125],"Font":{"alt_family_name":"Clean","embedded":true,"encoding":"Custom","family_name":"Adobe Clean","font_type":"Type1","italic":false,"monospaced":false,"name":"SYRALH+AdobeClean-ExtraBold","subset":true,"weight":700},"HasClip":false,"Lang":"en","Page":6,"Path":"//Document/H1[7]","Text":"The Adobe Secure Product Lifecycle ","TextSize":24,"attributes":{"LineHeight":28.75,"SpaceAfter":4.5}},{"Bounds":[105,300.0926971435547,491.84417724609375,402.91920471191406],"Font":{"alt_family_name":"Clean","embedded":true,"encoding":"Custom","family_name":"Adobe Clean","font_type":"Type1","italic":false,"monospaced":false,"name":"SYRALH+AdobeClean-Regular","subset":true,"weight":400},"HasClip":false,"Lang":"en","Page":6,"Path":"//Document/P[30]","Text":"Integrated into several stages of the product lifecycle—from design and development to quality assurance, testing, and deployment— the Adobe Secure Product Lifecycle (SPLC) is the foundation of all security at Adobe. A rigorous set of several hundred specific security activities spanning software development practices, processes, and tools, the Adobe SPLC defines clear, repeatable processes to help our development teams build security into our products and services and continuously evolves to incorporate the latest industry best practices. ","TextSize":10.5,"attributes":{"LineHeight":15,"SpaceAfter":16.25}},{"Bounds":[104.75,80.1719970703125,500.2759094238281,289.2053527832031],"ClipBounds":[104.75,80.1719970703125,500.25,289.2053527832031],"Page":6,"Path":"//Document/Figure[6]","attributes":{"BBox":[104.99599999999919,84.86879999999655,500.0199999999895,288.61999999999534],"Placement":"Block"}},{"Bounds":[105,58.51860046386719,249.3647918701172,67.79859924316406],"Font":{"alt_family_name":"Clean","embedded":true,"encoding":"Custom","family_name":"Adobe Clean","font_type":"Type1","italic":false,"monospaced":false,"name":"SYRALH+AdobeClean-SemiCn","subset":true,"weight":400},"HasClip":false,"Lang":"en","Page":6,"Path":"//Document/P[31]","Text":"Figure 3: The Adobe Secure Product Lifecycle ","TextSize":8,"attributes":{"LineHeight":9.625}},{"Bounds":[121.26400756835938,697.7850952148438,279.94781494140625,710.593994140625],"Font":{"alt_family_name":"Clean","embedded":true,"encoding":"Custom","family_name":"Adobe Clean","font_type":"Type1","italic":false,"monospaced":false,"name":"SYRALH+AdobeClean-Regular","subset":true,"weight":400},"HasClip":false,"Page":7,"Path":"//Document/P[32]/StyleSpan/Reference","Text":"Adobe Application Security Overview","TextSize":10.5},{"Bounds":[105,697.7850952148438,492.7502899169922,740.5935974121094],"Font":{"alt_family_name":"Clean","embedded":true,"encoding":"Custom","family_name":"Adobe Clean","font_type":"Type1","italic":false,"monospaced":false,"name":"SYRALH+AdobeClean-Regular","subset":true,"weight":400},"HasClip":false,"Lang":"en","Page":7,"Path":"//Document/P[32]","Text":"Adobe maintains a published Secure Product Lifecycle Standard that is available for review upon request. More information about the components of the Adobe SPLC can be found in the . ","TextSize":10.5,"attributes":{"LineHeight":15,"SpaceAfter":10.25,"TextAlign":"Justify"}},{"Bounds":[105,655.53759765625,390.04090881347656,685.1295928955078],"Font":{"alt_family_name":"Clean","embedded":true,"encoding":"Custom","family_name":"Adobe Clean","font_type":"Type1","italic":false,"monospaced":false,"name":"SYRALH+AdobeClean-ExtraBold","subset":true,"weight":700},"HasClip":false,"Lang":"en","Page":7,"Path":"//Document/H1[8]","Text":"Adobe Application Security ","TextSize":24,"attributes":{"LineHeight":28.75,"SpaceAfter":4.5}},{"Bounds":[105,519.2581024169922,503.4276885986328,652.0935974121094],"Font":{"alt_family_name":"Clean","embedded":true,"encoding":"Custom","family_name":"Adobe Clean","font_type":"Type1","italic":false,"monospaced":false,"name":"SYRALH+AdobeClean-Regular","subset":true,"weight":400},"HasClip":false,"Lang":"en","Page":7,"Path":"//Document/P[33]","Text":"At Adobe, building applications in a “secure by default” manner begins with the Adobe Application Security Stack. Combining clear, repeatable processes based on established research and experience with automation that helps ensure consistent application of security controls, the Adobe Application Security Stack helps improve developer efficiency and minimize the risk of security mistakes. Using tested and pre-approved secure coding blocks that eliminate the need to code commonly used patterns and blocks from scratch, developers can focus on their area of expertise while knowing their code is secure. Together with testing, specialized tooling, and monitoring, the Adobe Application Security Stack helps software developers to create secure code by default. ","TextSize":10.5,"attributes":{"LineHeight":15,"SpaceAfter":18}},{"Bounds":[106.52227783203125,337.20440673828125,500.25030517578125,501.9411926269531],"ClipBounds":[106.52227783203125,337.20440673828125,500.25,501.9410095214844],"Page":7,"Path":"//Document/Figure[7]","attributes":{"BBox":[106.55599999999686,337.4579999999987,500.0199999999895,501.73199999998906],"Placement":"Block"}},{"Bounds":[105,315.55039978027344,254.1487579345703,324.8303985595703],"Font":{"alt_family_name":"Clean","embedded":true,"encoding":"Custom","family_name":"Adobe Clean","font_type":"Type1","italic":false,"monospaced":false,"name":"SYRALH+AdobeClean-SemiCn","subset":true,"weight":400},"HasClip":false,"Lang":"en","Page":7,"Path":"//Document/P[34]","Text":"Figure 4: The Adobe Application Security Stack ","TextSize":8,"attributes":{"LineHeight":9.625,"SpaceAfter":9}},{"Bounds":[350.3789978027344,245.889404296875,467.9902801513672,258.7019958496094],"Font":{"alt_family_name":"Clean","embedded":true,"encoding":"Custom","family_name":"Adobe Clean","font_type":"Type1","italic":false,"monospaced":false,"name":"SYRALH+AdobeClean-Regular","subset":true,"weight":400},"HasClip":false,"Page":7,"Path":"//Document/P[35]/StyleSpan/Reference","Text":"Adobe Application Security ","TextSize":10.5},{"Bounds":[105,230.88490295410156,146.0749053955078,243.70199584960938],"Font":{"alt_family_name":"Clean","embedded":true,"encoding":"Custom","family_name":"Adobe Clean","font_type":"Type1","italic":false,"monospaced":false,"name":"SYRALH+AdobeClean-Regular","subset":true,"weight":400},"HasClip":false,"Page":7,"Path":"//Document/P[35]/StyleSpan/Reference[2]","Text":"Overview","TextSize":10.5},{"Bounds":[105,230.88490295410156,487.16217041015625,303.702392578125],"Font":{"alt_family_name":"Clean","embedded":true,"encoding":"Custom","family_name":"Adobe Clean","font_type":"Type1","italic":false,"monospaced":false,"name":"SYRALH+AdobeClean-Regular","subset":true,"weight":400},"HasClip":false,"Lang":"en","Page":7,"Path":"//Document/P[35]","Text":"Adobe also maintains several published standards covering application security, including those for work specific to our use of Amazon Web Services (AWS) and Microsoft Azure public cloud infrastructure. These standards are available for view upon request. For more information on Adobe application security, please see the . ","TextSize":10.5,"attributes":{"LineHeight":15,"SpaceAfter":10.25}},{"Bounds":[105,188.64639282226562,394.93690490722656,218.2384033203125],"Font":{"alt_family_name":"Clean","embedded":true,"encoding":"Custom","family_name":"Adobe Clean","font_type":"Type1","italic":false,"monospaced":false,"name":"SYRALH+AdobeClean-ExtraBold","subset":true,"weight":700},"HasClip":false,"Lang":"en","Page":7,"Path":"//Document/H1[9]","Text":"Adobe Operational Security ","TextSize":24,"attributes":{"LineHeight":28.75,"SpaceAfter":4.5}},{"Bounds":[105,97.38040161132812,498.62086486816406,185.202392578125],"Font":{"alt_family_name":"Clean","embedded":true,"encoding":"Custom","family_name":"Adobe Clean","font_type":"Type1","italic":false,"monospaced":false,"name":"SYRALH+AdobeClean-Regular","subset":true,"weight":400},"HasClip":false,"Lang":"en","Page":7,"Path":"//Document/P[36]","Text":"To help ensure that all Adobe products and services are designed from inception with security best practices in mind, the operational security team created the Adobe Operational Security Stack (OSS). The OSS is a consolidated set of tools that help product developers and engineers improve their security posture and reduce risk to both Adobe and our customers while also helping drive Adobe-wide adherence to compliance, privacy, and other governance frameworks. ","TextSize":10.5,"attributes":{"LineHeight":15,"SpaceAfter":18}},{"Bounds":[108.65817260742188,569.9517059326172,500.24989318847656,738.2503967285156],"ClipBounds":[108.65817260742188,569.9517059326172,500.24989318847656,738.25],"Page":8,"Path":"//Document/Figure[8]","attributes":{"BBox":[108.59599999999773,570.2489999999816,500.0199999999895,738.0019999999786],"Placement":"Block"}},{"Bounds":[105,548.2976989746094,255.39675903320312,557.5776977539062],"Font":{"alt_family_name":"Clean","embedded":true,"encoding":"Custom","family_name":"Adobe Clean","font_type":"Type1","italic":false,"monospaced":false,"name":"SYRALH+AdobeClean-SemiCn","subset":true,"weight":400},"HasClip":false,"Lang":"en","Page":8,"Path":"//Document/P[37]","Text":"Figure 5: The Adobe Operational Security Stack ","TextSize":8,"attributes":{"LineHeight":9.625,"SpaceAfter":18}},{"Bounds":[105,493.6412048339844,501.18177795410156,536.44970703125],"Font":{"alt_family_name":"Clean","embedded":true,"encoding":"Custom","family_name":"Adobe Clean","font_type":"Type1","italic":false,"monospaced":false,"name":"SYRALH+AdobeClean-Regular","subset":true,"weight":400},"HasClip":false,"Lang":"en","Page":8,"Path":"//Document/P[38]","Text":"Adobe maintains several published standards covering our ongoing cloud operations that are available for view upon request. For a detailed description of the Adobe OSS and the specific tools used throughout Adobe, please see the Adobe Operational Security Overview. ","TextSize":10.5,"attributes":{"LineHeight":15,"SpaceAfter":10.25,"TextAlign":"Justify"}},{"Bounds":[105,451.3937072753906,378.44891357421875,480.98570251464844],"Font":{"alt_family_name":"Clean","embedded":true,"encoding":"Custom","family_name":"Adobe Clean","font_type":"Type1","italic":false,"monospaced":false,"name":"SYRALH+AdobeClean-ExtraBold","subset":true,"weight":700},"HasClip":false,"Lang":"en","Page":8,"Path":"//Document/H1[10]","Text":"Adobe Enterprise Security ","TextSize":24,"attributes":{"LineHeight":28.75,"SpaceAfter":4.5}},{"Bounds":[105,390.13670349121094,482.6282196044922,447.94970703125],"Font":{"alt_family_name":"Clean","embedded":true,"encoding":"Custom","family_name":"Adobe Clean","font_type":"Type1","italic":false,"monospaced":false,"name":"SYRALH+AdobeClean-Regular","subset":true,"weight":400},"HasClip":false,"Lang":"en","Page":8,"Path":"//Document/P[39]","Text":"In addition to securing our products and services as well as our cloud hosting operations, Adobe also employs a variety of internal security controls to help ensure the security of our internal networks and systems, physical corporate locations, employees, and our customers’ data. ","TextSize":10.5,"attributes":{"LineHeight":15,"SpaceAfter":9}},{"Bounds":[245.91700744628906,351.1291961669922,399.2855682373047,363.9499969482422],"Font":{"alt_family_name":"Clean","embedded":true,"encoding":"Custom","family_name":"Adobe Clean","font_type":"Type1","italic":false,"monospaced":false,"name":"SYRALH+AdobeClean-Regular","subset":true,"weight":400},"HasClip":false,"Page":8,"Path":"//Document/P[40]/StyleSpan/Reference","Text":"Adobe Enterprise Security Overview","TextSize":10.5},{"Bounds":[105,351.1291961669922,494.2508087158203,378.9331970214844],"Font":{"alt_family_name":"Clean","embedded":true,"encoding":"Custom","family_name":"Adobe Clean","font_type":"Type1","italic":false,"monospaced":false,"name":"SYRALH+AdobeClean-Regular","subset":true,"weight":400},"HasClip":false,"Lang":"en","Page":8,"Path":"//Document/P[40]","Text":"For more information on our enterprise security controls and standards we have developed for these controls, please see the . ","TextSize":10.5,"attributes":{"LineHeight":15,"SpaceAfter":16}},{"Bounds":[105,311.8096923828125,249.89810180664062,333.67970275878906],"Font":{"alt_family_name":"Clean","embedded":true,"encoding":"WinAnsiEncoding","family_name":"Adobe Clean","font_type":"Type1","italic":false,"monospaced":false,"name":"SYRALH+AdobeClean-SemiLight","subset":true,"weight":200},"HasClip":false,"Lang":"en","Page":8,"Path":"//Document/H2[8]","Text":"Adobe Compliance  ","TextSize":18,"attributes":{"LineHeight":21.625,"SpaceAfter":4.5}},{"Bounds":[105,234.1322021484375,496.3938293457031,306.94970703125],"Font":{"alt_family_name":"Clean","embedded":true,"encoding":"Custom","family_name":"Adobe Clean","font_type":"Type1","italic":false,"monospaced":false,"name":"SYRALH+AdobeClean-Regular","subset":true,"weight":400},"HasClip":false,"Lang":"en","Page":8,"Path":"//Document/P[41]","Text":"All Adobe products and services adhere to the Adobe Common Controls Framework (CCF), a set of security activities and compliance controls that are implemented within our product operations teams as well as in various parts of our infrastructure and application teams. As much as possible, Adobe leverages leading-edge automation processes to alert teams to possible non-compliance situations and help ensure swift mitigation and realignment. ","TextSize":10.5,"attributes":{"LineHeight":15,"SpaceAfter":9}},{"Bounds":[105,150.1112060546875,495.7711181640625,222.92869567871094],"Font":{"alt_family_name":"Clean","embedded":true,"encoding":"Custom","family_name":"Adobe Clean","font_type":"Type1","italic":false,"monospaced":false,"name":"SYRALH+AdobeClean-Regular","subset":true,"weight":400},"HasClip":false,"Lang":"en","Page":8,"Path":"//Document/P[42]","Text":"Adobe products and services either meet or can be used in a way that enables customers to help meet their legal obligations related to the use of service providers. Customers maintain control over their documents, data, and workflows, and can choose how to best comply with local or regional regulations, such as the General Data Protection Regulation (GDPR) in the EU.  ","TextSize":10.5,"attributes":{"LineHeight":15,"SpaceAfter":9}},{"Bounds":[137.9374542236328,96.09919738769531,361.6239929199219,108.94999694824219],"Font":{"alt_family_name":"Clean","embedded":true,"encoding":"Custom","family_name":"Adobe Clean","font_type":"Type1","italic":false,"monospaced":false,"name":"SYRALH+AdobeClean-Regular","subset":true,"weight":400},"HasClip":false,"Page":8,"Path":"//Document/P[43]/StyleSpan/Reference","Text":"Adobe Compliance, Certifications, and Standards List","TextSize":10.5},{"Bounds":[105,96.09919738769531,494.5982666015625,138.90769958496094],"Font":{"alt_family_name":"Clean","embedded":true,"encoding":"Custom","family_name":"Adobe Clean","font_type":"Type1","italic":false,"monospaced":false,"name":"SYRALH+AdobeClean-Regular","subset":true,"weight":400},"HasClip":false,"Lang":"en","Page":8,"Path":"//Document/P[43]","Text":"Adobe also maintains a compliance training and related standards that are available for review upon request. For more information on the Adobe CCF and key certifications, please see the . ","TextSize":10.5,"attributes":{"LineHeight":15}},{"Bounds":[105,720.4862060546875,240.1224365234375,742.356201171875],"Font":{"alt_family_name":"Clean","embedded":true,"encoding":"WinAnsiEncoding","family_name":"Adobe Clean","font_type":"Type1","italic":false,"monospaced":false,"name":"SYRALH+AdobeClean-SemiLight","subset":true,"weight":200},"HasClip":false,"Lang":"en","Page":9,"Path":"//Document/H2[9]","Text":"Incident Response ","TextSize":18,"attributes":{"LineHeight":21.625,"SpaceAfter":4.5}},{"Bounds":[105,642.8087005615234,499.7937316894531,715.6262054443359],"Font":{"alt_family_name":"Clean","embedded":true,"encoding":"Custom","family_name":"Adobe Clean","font_type":"Type1","italic":false,"monospaced":false,"name":"SYRALH+AdobeClean-Regular","subset":true,"weight":400},"HasClip":false,"Lang":"en","Page":9,"Path":"//Document/P[44]","Text":"Adobe strives to ensure that its risk and vulnerability management, incident response, mitigation, and resolution processes are nimble and accurate. We continuously monitor the threat landscape, share knowledge with security experts around the world, swiftly resolve incidents when they occur, and feed this information back to our development teams to help achieve the highest levels of security for all Adobe products and services. ","TextSize":10.5,"attributes":{"LineHeight":15,"SpaceAfter":9}},{"Bounds":[254.8419952392578,588.7967071533203,406.3226623535156,601.6260070800781],"Font":{"alt_family_name":"Clean","embedded":true,"encoding":"Custom","family_name":"Adobe Clean","font_type":"Type1","italic":false,"monospaced":false,"name":"SYRALH+AdobeClean-Regular","subset":true,"weight":400},"HasClip":false,"Page":9,"Path":"//Document/P[45]/StyleSpan/Reference","Text":"Adobe Incident Response Overview","TextSize":10.5},{"Bounds":[105,588.7967071533203,491.0272979736328,631.6051940917969],"Font":{"alt_family_name":"Clean","embedded":true,"encoding":"Custom","family_name":"Adobe Clean","font_type":"Type1","italic":false,"monospaced":false,"name":"SYRALH+AdobeClean-Regular","subset":true,"weight":400},"HasClip":false,"Lang":"en","Page":9,"Path":"//Document/P[45]","Text":"We also maintain internal standards for incident response and vulnerability management that are available for view upon request. For more detail on Adobe’s incident response and notification process, please see the . ","TextSize":10.5,"attributes":{"LineHeight":15,"SpaceAfter":15.875}},{"Bounds":[105,549.4862060546875,413.0807800292969,571.356201171875],"Font":{"alt_family_name":"Clean","embedded":true,"encoding":"WinAnsiEncoding","family_name":"Adobe Clean","font_type":"Type1","italic":false,"monospaced":false,"name":"SYRALH+AdobeClean-SemiLight","subset":true,"weight":200},"HasClip":false,"Lang":"en","Page":9,"Path":"//Document/H2[10]","Text":"Business Continuity and Disaster Recovery ","TextSize":18,"attributes":{"LineHeight":21.625}},{"Bounds":[259.4620056152344,456.80419921875,278.63739013671875,469.6260070800781],"Font":{"alt_family_name":"Clean","embedded":true,"encoding":"Custom","family_name":"Adobe Clean","font_type":"Type1","italic":false,"monospaced":false,"name":"SYRALH+AdobeClean-Regular","subset":true,"weight":400},"HasClip":false,"Page":9,"Path":"//Document/P[46]/StyleSpan/Reference","Text":"here","TextSize":10.5},{"Bounds":[105,456.80419921875,502.9657287597656,544.6262054443359],"Font":{"alt_family_name":"Clean","embedded":true,"encoding":"Custom","family_name":"Adobe Clean","font_type":"Type1","italic":false,"monospaced":false,"name":"SYRALH+AdobeClean-Regular","subset":true,"weight":400},"HasClip":false,"Lang":"en","Page":9,"Path":"//Document/P[46]","Text":"The Adobe Business Continuity and Disaster Recovery (BCDR) Program is composed of the Adobe Corporate Business Continuity Plan (BCP) and product-specific Disaster Recovery (DR) Plans, both of which help ensure the continued availability and delivery of Adobe products and services. Our ISO 22301-certified BCDR Program enhances our ability to respond to, mitigate, and recover from the impacts of unexpected disruptions. More information on the Adobe BCDR Program can be found . ","TextSize":10.5,"attributes":{"LineHeight":15,"SpaceAfter":10.25}},{"Bounds":[105,414.57020568847656,223.77366638183594,444.1622009277344],"Font":{"alt_family_name":"Clean","embedded":true,"encoding":"Custom","family_name":"Adobe Clean","font_type":"Type1","italic":false,"monospaced":false,"name":"SYRALH+AdobeClean-ExtraBold","subset":true,"weight":700},"HasClip":false,"Lang":"en","Page":9,"Path":"//Document/H1[11]","Text":"Conclusion ","TextSize":24,"attributes":{"LineHeight":28.75,"SpaceAfter":4.5}},{"Bounds":[105,338.30870056152344,494.97422790527344,411.12620544433594],"Font":{"alt_family_name":"Clean","embedded":true,"encoding":"Custom","family_name":"Adobe Clean","font_type":"Type1","italic":false,"monospaced":false,"name":"SYRALH+AdobeClean-Regular","subset":true,"weight":400},"HasClip":false,"Lang":"en","Page":9,"Path":"//Document/P[47]","Text":"The proactive approach to security and stringent procedures described in this paper help protect the security of Adobe Document Services APIs and your confidential data. At Adobe, we take the security of your digital experience data very seriously and we continuously monitor the evolving threat landscape to try to stay ahead of malicious activities and help ensure the security of our customers’ data. ","TextSize":10.5,"attributes":{"LineHeight":15,"SpaceAfter":11.5}},{"Bounds":[363.5249938964844,314.3056945800781,444.91441345214844,327.1260070800781],"Font":{"alt_family_name":"Clean","embedded":true,"encoding":"Custom","family_name":"Adobe Clean","font_type":"Type1","italic":false,"monospaced":false,"name":"SYRALH+AdobeClean-Regular","subset":true,"weight":400},"HasClip":false,"Page":9,"Path":"//Document/P[48]/StyleSpan/Reference","Text":"Adobe Trust Center","TextSize":10.5},{"Bounds":[105,314.3056945800781,448.72792053222656,327.1260070800781],"Font":{"alt_family_name":"Clean","embedded":true,"encoding":"Custom","family_name":"Adobe Clean","font_type":"Type1","italic":false,"monospaced":false,"name":"SYRALH+AdobeClean-Regular","subset":true,"weight":400},"HasClip":false,"Lang":"en","Page":9,"Path":"//Document/P[48]","Text":"For more information about Adobe security, please go to the . ","TextSize":10.5,"attributes":{"LineHeight":12.625,"SpaceAfter":9}},{"Bounds":[105,275.29820251464844,490.90130615234375,303.1022033691406],"Font":{"alt_family_name":"Clean","embedded":true,"encoding":"Custom","family_name":"Adobe Clean","font_type":"Type1","italic":false,"monospaced":false,"name":"SYRALH+AdobeClean-Regular","subset":true,"weight":400},"HasClip":false,"Lang":"en","Page":9,"Path":"//Document/P[49]","Text":"Information in this document is subject to change without notice. For more information on Adobe solutions and controls, please contact your Adobe sales representative. ","TextSize":10.5,"attributes":{"LineHeight":15,"SpaceAfter":18}},{"Bounds":[35.734405517578125,120.74949645996094,77.44551086425781,177.93280029296875],"ClipBounds":[35.734405517578125,120.74949645996094,77.44551086425781,177.93280029296875],"Page":9,"Path":"//Document/Figure[9]","attributes":{"BBox":[35.998499999999694,120.86699999999837,77.27689999999711,177.74499999999534],"BackgroundColor":[0.9215699999999742,0.06274409999999975,0],"Placement":"Block"}},{"Bounds":[36,69.26409912109375,189.0638427734375,79.01609802246094],"Font":{"alt_family_name":"Clean","embedded":true,"encoding":"WinAnsiEncoding","family_name":"Adobe Clean","font_type":"Type1","italic":false,"monospaced":false,"name":"SYRALH+AdobeClean-Regular","subset":true,"weight":400},"HasClip":false,"Lang":"en","Page":9,"Path":"//Document/P[50]","Text":"© December 2021 Adobe. All rights reserved. ","TextSize":8,"attributes":{"LineHeight":9.625,"SpaceAfter":4.875}},{"Bounds":[36,35.46409606933594,204.63368225097656,64.41610717773438],"Font":{"alt_family_name":"Clean","embedded":true,"encoding":"WinAnsiEncoding","family_name":"Adobe Clean","font_type":"Type1","italic":false,"monospaced":false,"name":"SYRALH+AdobeClean-Regular","subset":true,"weight":400},"HasClip":false,"Lang":"en","Page":9,"Path":"//Document/P[51]","Text":"Adobe and the Adobe logo are either registered trademarks or trademarks of Adobe in the United States and/or other countries. ","TextSize":8,"attributes":{"LineHeight":9.625}}],"pages":[{"boxes":{"CropBox":[0,0,612,792],"MediaBox":[0,0,612,792]},"height":792,"is_scanned":false,"page_number":0,"rotation":0,"width":612},{"boxes":{"CropBox":[0,0,612,792],"MediaBox":[0,0,612,792]},"height":792,"is_scanned":false,"page_number":1,"rotation":0,"width":612},{"boxes":{"CropBox":[0,0,612,792],"MediaBox":[0,0,612,792]},"height":792,"is_scanned":false,"page_number":2,"rotation":0,"width":612},{"boxes":{"CropBox":[0,0,612,792],"MediaBox":[0,0,612,792]},"height":792,"is_scanned":false,"page_number":3,"rotation":0,"width":612},{"boxes":{"CropBox":[0,0,612,792],"MediaBox":[0,0,612,792]},"height":792,"is_scanned":false,"page_number":4,"rotation":0,"width":612},{"boxes":{"CropBox":[0,0,612,792],"MediaBox":[0,0,612,792]},"height":792,"is_scanned":false,"page_number":5,"rotation":0,"width":612},{"boxes":{"CropBox":[0,0,612,792],"MediaBox":[0,0,612,792]},"height":792,"is_scanned":false,"page_number":6,"rotation":0,"width":612},{"boxes":{"CropBox":[0,0,612,792],"MediaBox":[0,0,612,792]},"height":792,"is_scanned":false,"page_number":7,"rotation":0,"width":612},{"boxes":{"CropBox":[0,0,612,792],"MediaBox":[0,0,612,792]},"height":792,"is_scanned":false,"page_number":8,"rotation":0,"width":612},{"boxes":{"CropBox":[0,0,612,792],"MediaBox":[0,0,612,792]},"height":792,"is_scanned":false,"page_number":9,"rotation":0,"width":612}]}